avrg_x, avrg_y
2221.5527977676606, 472.3095902482009